scientific_name_raw,scientific_name_display,scientific_name_clean_original,scientific_name_clean,merged_from_species,n_rows_collapsed,n_unique_input_species,routine_trichromacy,routine_trichromacy_conflict,diet_pct_fruit_eltontraits,longevity_years,log_longevity,abs_latitude,uv_i,foraging_stratum_eltontraits,foraging_stratum_conflict,arboreal_i,luv_raw,z_frugivory,z_luv,z_lifetime
Allenopithecus nigroviridis,Allenopithecus nigroviridis,allenopithecus nigroviridis,allenopithecus nigroviridis,allenopithecus nigroviridis,1,1,1,FALSE,50,23,3.1354942159291497,0.17,0.9999955982815133,scansorial,FALSE,1,22.999898760474807,0.46045447477874507,-0.5211971566585872,-0.5073329492840883
Alouatta caraya,Alouatta caraya,alouatta caraya,alouatta caraya,alouatta caraya,1,1,1,FALSE,40,20.3,3.0106208860477417,20.34,0.9376464992972356,arboreal,FALSE,0.1,19.034223935733884,-0.043376146174809144,-0.9131807298726025,-0.7160169815012277
Alouatta palliata,Alouatta palliata,alouatta palliata,alouatta palliata,alouatta palliata,1,1,1,FALSE,40,25,3.2188758248682006,6.95,0.992652124759271,arboreal,FALSE,0.1,24.816303118981775,-0.043376146174809144,-0.3416562960698506,-0.35275218467879993
Alouatta pigra,Alouatta pigra,alouatta pigra,alouatta pigra,alouatta pigra,1,1,1,FALSE,40,20,2.995732273553991,18.8,0.9466492601156964,arboreal,FALSE,0.1,18.93298520231393,-0.043376146174809144,-0.923187581726929,-0.739204096192021
Alouatta seniculus,Alouatta seniculus,alouatta seniculus,alouatta seniculus,alouatta seniculus,1,1,1,FALSE,40,25,3.2188758248682006,0.6799999999999999,0.9999295732792147,arboreal,FALSE,0.1,24.99823933198037,-0.043376146174809144,-0.3236729741839282,-0.35275218467879993
Ateles belzebuth,Ateles belzebuth,ateles belzebuth,ateles belzebuth,ateles belzebuth,2,1,0,FALSE,60,28,3.332204510175204,2.565,0.9989980940754456,arboreal,FALSE,0.1,27.971946634112477,0.9642850957322994,-0.029739541540845935,-0.12088103777086728
Ateles fusciceps,Ateles fusciceps,ateles fusciceps,ateles fusciceps,ateles fusciceps,1,1,0,FALSE,60,24,3.1780538303479458,6.44,0.9936898569964848,arboreal,FALSE,0.1,23.848556567915637,0.9642850957322994,-0.4373123364203669,-0.43004256698144416
Ateles geoffroyi,Ateles geoffroyi,ateles geoffroyi,ateles geoffroyi,ateles geoffroyi,1,1,0,FALSE,60,27.3,3.3068867021909143,12.38,0.9767471755999566,arboreal,FALSE,0.1,26.665197893878815,0.9642850957322994,-0.15890394939750052,-0.17498430538271817
Ateles paniscus,Ateles paniscus,ateles paniscus,ateles paniscus,ateles paniscus,1,1,0,FALSE,60,37.8,3.632309102625542,2.06,0.9993537323810014,arboreal,FALSE,0.1,37.775571084001854,0.9642850957322994,0.9392909292232253,0.6365647087950458
Brachyteles arachnoides,Brachyteles arachnoides,brachyteles arachnoides,brachyteles arachnoides,brachyteles arachnoides,1,1,0,FALSE,20,40,3.6888794541139363,22.66,0.9228072778591088,arboreal,FALSE,0.1,36.91229111436435,-1.0510373880819177,0.8539607944700054,0.8066035498608634
Cacajao calvus,Cacajao calvus,cacajao calvus,cacajao calvus,cacajao calvus,1,1,0,FALSE,70,27,3.295836866004329,5.73,0.99500342986418,arboreal,FALSE,0.1,26.86509260633286,1.4681157166858536,-0.139145535730933,-0.1981714200735115
Cacajao melanocephalus,Cacajao melanocephalus,cacajao melanocephalus,cacajao melanocephalus,cacajao melanocephalus,1,1,0,FALSE,70,18,2.8903717578961645,0.53,0.9999572167884616,arboreal,FALSE,0.1,17.999229902192308,1.4681157166858536,-1.0154837873476483,-0.8937848607973095
Callicebus moloch,Callicebus moloch,callicebus moloch,callicebus moloch,callicebus moloch,1,1,0,FALSE,50,25.3,3.2308043957334744,7.7,0.9909831997148363,arboreal,FALSE,0.1,25.071874952785357,0.46045447477874507,-0.3163945272525519,-0.3295650699880066
Callimico goeldii,Callimico goeldii,callimico goeldii,callimico goeldii,callimico goeldii,1,1,0,FALSE,50,17.9,2.884800712846709,5.33,0.995676196568517,arboreal,FALSE,0.1,17.822603918576455,0.46045447477874507,-1.0329422243703321,-0.901513899027574
Callithrix argentata,Callithrix argentata,callithrix argentata,callithrix argentata,callithrix argentata,1,1,0,FALSE,60,16.8,2.8213788864092133,3.09,0.9985460936510022,arboreal,FALSE,0.1,16.775574373336838,0.9642850957322994,-1.1364349212105183,-0.9865333195604824
Callithrix geoffroyi,Callithrix geoffroyi,callithrix geoffroyi,callithrix geoffroyi,callithrix geoffroyi,1,1,0,FALSE,30,17.6,2.8678989020441064,18.99,0.9455753835603061,arboreal,FALSE,0.1,16.64212675066139,-0.5472067671283634,-1.1496254318512023,-0.924701013718367
Callithrix humeralifera,Callithrix humeralifera,callithrix humeralifera,callithrix humeralifera,callithrix humeralifera,1,1,0,FALSE,60,15,2.70805020110221,5.359999999999999,0.9956274219821757,arboreal,FALSE,0.1,14.934411329732635,0.9642850957322994,-1.3184230318339647,-1.1256560077052422
Callithrix jacchus,Callithrix jacchus,callithrix jacchus,callithrix jacchus,callithrix jacchus,1,1,0,FALSE,30,16.8,2.8213788864092133,6.58,0.9934128257140318,arboreal,FALSE,0.1,16.689335471995733,-0.5472067671283634,-1.1449591281088853,-0.9865333195604824
Callithrix penicillata,Callithrix penicillata,callithrix penicillata,callithrix penicillata,callithrix penicillata,1,1,0,FALSE,30,15.4,2.7343675094195836,12.68,0.975611225313615,arboreal,FALSE,0.1,15.024412869829671,-0.5472067671283634,-1.309526910280603,-1.0947398547841845
Callithrix pygmaea,Callithrix pygmaea,callithrix pygmaea,callithrix pygmaea,callithrix pygmaea,1,1,0,FALSE,0,15.1,2.714694743820879,5.96,0.9945946276372433,arboreal,FALSE,0.1,15.018378877322373,-2.058698629989026,-1.310123334861106,-1.1179269694749776
Cebus albifrons,Cebus albifrons,cebus albifrons,cebus albifrons,cebus albifrons,1,1,0,FALSE,20,44,3.784189633918261,0.8200000000000001,0.999897589371505,arboreal,FALSE,0.1,43.99549393234622,-1.0510373880819177,1.5540936276186497,1.1157650790714402
Cebus apella,Cebus apella,cebus apella,cebus apella,cebus apella,1,1,0,FALSE,20,45.1,3.8088822465086327,10.77,0.9823852287012823,arboreal,FALSE,0.1,44.30557381442783,-1.0510373880819177,1.584743195606885,1.2007844996043489
Cebus capucinus,Cebus capucinus,cebus capucinus,cebus capucinus,cebus capucinus,1,1,0,FALSE,20,54.8,4.00369019395397,8.739999999999998,0.9883880459536023,arboreal,FALSE,0.1,54.1636649182574,-1.0510373880819177,2.5591573739556757,1.9505012079399975
Cebus olivaceus,Cebus olivaceus,cebus olivaceus,cebus olivaceus,cebus olivaceus,1,1,0,FALSE,20,41,3.713572066704308,4.78,0.9965220076166375,arboreal,FALSE,0.1,40.85740231228213,-1.0510373880819177,1.2439117744239565,0.8838939321635075
Cercocebus agilis,Cercocebus agilis,cercocebus agilis,cercocebus agilis,cercocebus agilis,1,1,1,FALSE,70,31,3.4339872044851463,3.9,0.9976842788356053,arboreal,FALSE,0.1,30.928212643903763,1.4681157166858536,0.2624699221952111,0.11099010913706536
Cercocebus galeritus,Cercocebus galeritus,cercocebus galeritus,cercocebus galeritus,cercocebus galeritus,1,1,1,FALSE,70,21,3.044522437723423,2.1,0.9993283937786562,arboreal,FALSE,0.1,20.98589626935178,1.4681157166858536,-0.7202694275384638,-0.6619137138893768
Cercocebus torquatus,Cercocebus torquatus,cercocebus torquatus,cercocebus torquatus,cercocebus torquatus,1,1,1,FALSE,70,30,3.4011973816621555,4.2,0.9973144772244581,arboreal,FALSE,0.1,29.919434316733742,1.4681157166858536,0.16275813271665884,0.03369972683442115
Cercopithecus ascanius,Cercopithecus ascanius,cercopithecus ascanius,cercopithecus ascanius,cercopithecus ascanius,1,1,1,FALSE,50,28.3,3.342861804649192,2.71,0.9988816381214108,arboreal,FALSE,0.1,28.268350358835928,0.46045447477874507,-4.417810673477155e-4,-0.09769392308007396
Cercopithecus campbelli,Cercopithecus campbelli,cercopithecus campbelli,cercopithecus campbelli,cercopithecus campbelli,1,1,1,FALSE,50,33,3.4965075614664802,8.53,0.9889383349666097,arboreal,FALSE,0.1,32.63496505389812,0.46045447477874507,0.4311723342254076,0.2655708737423538
Cercopithecus cephus,Cercopithecus cephus,cercopithecus cephus,cercopithecus cephus,cercopithecus cephus,1,1,1,FALSE,50,23,3.1354942159291497,0.42000000000000004,0.9999731328638829,arboreal,FALSE,0.1,22.999382055869308,0.46045447477874507,-0.5212482298621429,-0.5073329492840883
Cercopithecus diana,Cercopithecus diana,cercopithecus diana,cercopithecus diana,cercopithecus diana,1,1,1,FALSE,50,37.3,3.6189933266497696,6.6499999999999995,0.9932720857793921,arboreal,FALSE,0.1,37.049048799571324,0.46045447477874507,0.8674784852744724,0.5979195176437238
Cercopithecus erythrogaster,Cercopithecus erythrogaster,cercopithecus erythrogaster,cercopithecus erythrogaster,cercopithecus erythrogaster,1,1,1,FALSE,50,24,3.1780538303479458,6.06,0.9944118881299167,arboreal,FALSE,0.1,23.865885315118,0.46045447477874507,-0.4355994919366671,-0.43004256698144416
Cercopithecus hamlyni,Cercopithecus hamlyni,cercopithecus hamlyni,cercopithecus hamlyni,cercopithecus hamlyni,1,1,1,FALSE,50,28.6,3.353406717825807,1.75,0.9995335908367129,arboreal,FALSE,0.1,28.58666069792999,0.46045447477874507,0.03102131906648801,-0.07450680838928064
Cercopithecus lhoesti,Cercopithecus lhoesti,cercopithecus lhoesti,cercopithecus lhoesti,cercopithecus lhoesti,1,1,1,FALSE,50,16,2.772588722239781,1.1300000000000001,0.9998055233121944,arboreal,FALSE,0.1,15.99688837299511,0.46045447477874507,-1.213403440898872,-1.048365625402598
Cercopithecus mitis,Cercopithecus mitis,cercopithecus mitis,cercopithecus mitis,cercopithecus mitis,1,1,1,FALSE,50,27.1,3.299533727885655,1.9,0.9994502159417572,arboreal,FALSE,0.1,27.085100852021622,0.46045447477874507,-0.1173990179015841,-0.19044238184324697
Cercopithecus mona,Cercopithecus mona,cercopithecus mona,cercopithecus mona,cercopithecus mona,1,1,1,FALSE,50,30,3.4011973816621555,6.83,0.9929033758229756,arboreal,FALSE,0.1,29.787101274689267,0.46045447477874507,0.1496777917993314,0.03369972683442115
Cercopithecus neglectus,Cercopithecus neglectus,cercopithecus neglectus,cercopithecus neglectus,cercopithecus neglectus,1,1,1,FALSE,50,26.3,3.269568939183719,1.11,0.9998123463078188,arboreal,FALSE,0.1,26.295064707895634,0.46045447477874507,-0.19548943237800528,-0.2522746876853624
Cercopithecus nictitans,Cercopithecus nictitans,cercopithecus nictitans,cercopithecus nictitans,cercopithecus nictitans,1,1,1,FALSE,50,23,3.1354942159291497,1.6900000000000002,0.9995650226315503,arboreal,FALSE,0.1,22.989995520525657,0.46045447477874507,-0.5221760335340802,-0.5073329492840883
Cercopithecus petaurista,Cercopithecus petaurista,cercopithecus petaurista,cercopithecus petaurista,cercopithecus petaurista,1,1,1,FALSE,30,19,2.9444389791664403,8.93,0.9878787241768515,arboreal,FALSE,0.1,18.76969575936018,-0.5472067671283634,-0.9393277803427645,-0.8164944784946653
Cercopithecus pogonias,Cercopithecus pogonias,cercopithecus pogonias,cercopithecus pogonias,cercopithecus pogonias,1,1,1,FALSE,50,24.1,3.1822118404966093,1.53,0.999643481727238,arboreal,FALSE,0.1,24.091407909626437,0.46045447477874507,-0.41330791324130906,-0.4223135287511796
Cercopithecus wolfi,Cercopithecus wolfi,cercopithecus wolfi,cercopithecus wolfi,cercopithecus wolfi,1,1,1,FALSE,70,24,3.1780538303479458,1.87,0.9994674389493003,arboreal,FALSE,0.1,23.98721853478321,1.4681157166858536,-0.4236064186021591,-0.43004256698144416
Chlorocebus aethiops,Chlorocebus aethiops,chlorocebus aethiops,chlorocebus aethiops,chlorocebus aethiops,1,1,1,FALSE,40,31.6,3.4531571205928664,12.6,0.9759167619387474,scansorial,FALSE,1,30.83896967726442,-0.043376146174809144,0.25364878115528877,0.157364338518652
Colobus angolensis,Colobus angolensis,colobus angolensis,colobus angolensis,colobus angolensis,1,1,1,FALSE,30,35.3,3.563882963939251,4.159999999999999,0.9973653640879485,arboreal,FALSE,0.1,35.20699735230458,-0.5472067671283634,0.685402561187369,0.4433387530384353
Colobus guereza,Colobus guereza,colobus guereza,colobus guereza,colobus guereza,1,1,1,FALSE,30,24.5,3.1986731175506815,5.1499999999999995,0.9959631112479873,arboreal,FALSE,0.1,24.40109622557569,-0.5472067671283634,-0.3826970492564261,-0.391397375830122
Colobus polykomos,Colobus polykomos,colobus polykomos,colobus polykomos,colobus polykomos,1,1,1,FALSE,30,30.5,3.417726683613366,9.06,0.9875239812756824,arboreal,FALSE,0.1,30.119481428908315,-0.5472067671283634,0.18253161019699082,0.07234491798574326
Erythrocebus patas,Erythrocebus patas,erythrocebus patas,erythrocebus patas,erythrocebus patas,1,1,1,FALSE,40,23.9,3.173878458937465,7.970000000000001,0.9903408038596959,ground,FALSE,1,23.669145212246733,-0.043376146174809144,-0.4550460910468224,-0.43777160521170866
Eulemur coronatus,Eulemur coronatus,eulemur coronatus,eulemur coronatus,eulemur coronatus,1,1,0,FALSE,30,18.4,2.91235066461494,13.06,0.9741339623769198,arboreal,FALSE,0.1,17.924064907735325,-0.5472067671283634,-1.022913403846723,-0.8628687078762519
Eulemur fulvus,Eulemur fulvus,eulemur fulvus,eulemur fulvus,eulemur fulvus,1,1,0,FALSE,30,37,3.6109179126442243,16.64,0.9581228928381096,arboreal,FALSE,0.1,35.450547035010054,-0.5472067671283634,0.7094760112560511,0.5747324029529307
Eulemur macaco,Eulemur macaco,eulemur macaco,eulemur macaco,eulemur macaco,1,1,0,FALSE,30,30,3.4011973816621555,13.94,0.9705485342222299,arboreal,FALSE,0.1,29.116456026666896,-0.5472067671283634,0.08338846342607464,0.03369972683442115
Eulemur mongoz,Eulemur mongoz,eulemur mongoz,eulemur mongoz,eulemur mongoz,1,1,0,FALSE,20,30,3.4011973816621555,16.110000000000003,0.960730738986695,arboreal,FALSE,0.1,28.82192216960085,-1.0510373880819177,0.05427552834502012,0.03369972683442115
Eulemur rubriventer,Eulemur rubriventer,eulemur rubriventer,eulemur rubriventer,eulemur rubriventer,1,1,0,FALSE,30,31.7,3.456316680883235,18.45,0.9486001946255046,arboreal,FALSE,0.1,30.070626169628497,-0.5472067671283634,0.17770255588741274,0.16509337674891628
Gorilla gorilla,Gorilla gorilla,gorilla gorilla,gorilla gorilla,gorilla gorilla,1,1,1,FALSE,10,54,3.9889840465642745,0.88,0.9998820544536569,ground,FALSE,1,53.99363094049747,-1.5548680090354718,2.5423505178427352,1.8886689020978824
Hapalemur griseus,Hapalemur griseus,hapalemur griseus,hapalemur griseus,hapalemur griseus,1,1,0,FALSE,0,17.1,2.8390784635086144,19.45,0.9429324335619231,arboreal,FALSE,0.1,16.124144613908886,-2.058698629989026,-1.2008249118384557,-0.9633462048696891
Hylobates agilis,Hylobates agilis,hylobates agilis,hylobates agilis,hylobates agilis,1,1,1,FALSE,70,44,3.784189633918261,0.16,0.9999961008995606,arboreal,FALSE,0.1,43.99982843958067,1.4681157166858536,1.554522068100779,1.1157650790714402
Hylobates klossii,Hylobates klossii,hylobates klossii,hylobates klossii,hylobates klossii,1,1,1,FALSE,70,37,3.6109179126442243,2.13,0.9993090701927474,arboreal,FALSE,0.1,36.97443559713165,1.4681157166858536,0.8601034101627216,0.5747324029529307
Hylobates lar,Hylobates lar,hylobates lar,hylobates lar,hylobates lar,1,1,1,FALSE,70,40,3.6888794541139363,13.68,0.971631732914674,arboreal,FALSE,0.1,38.86526931658696,1.4681157166858536,1.047001174215794,0.8066035498608634
Hylobates moloch,Hylobates moloch,hylobates moloch,hylobates moloch,hylobates moloch,1,1,1,FALSE,70,45,3.8066624897703196,7,0.992546151641322,arboreal,FALSE,0.1,44.66457682385949,1.4681157166858536,1.6202285262632632,1.1930554613740845
Hylobates muelleri,Hylobates muelleri,hylobates muelleri,hylobates muelleri,hylobates muelleri,1,1,1,FALSE,70,60,4.0943445622221,1.1300000000000001,0.9998055233121944,arboreal,FALSE,0.1,59.98833139873167,1.4681157166858536,3.1348913109774443,2.3524111959137475
Hylobates pileatus,Hylobates pileatus,hylobates pileatus,hylobates pileatus,hylobates pileatus,1,1,1,FALSE,70,36,3.58351893845611,12.92,0.9746832058153599,arboreal,FALSE,0.1,35.088595409352955,1.4681157166858536,0.6736992272720137,0.4974420206502865
Lagothrix lagotricha,Lagothrix lagotricha,lagothrix lagotricha,lagothrix lagotricha,lagothrix lagotricha,1,1,0,FALSE,70,30,3.4011973816621555,0.02,0.9999999390765166,arboreal,FALSE,0.1,29.9999981722955,1.4681157166858536,0.17072139480208667,0.03369972683442115
Lemur catta,Lemur catta,lemur catta,lemur catta,lemur catta,1,1,0,FALSE,80,30,3.4011973816621555,23.05,0.9201635257593654,scansorial,FALSE,1,27.604905772780963,1.9719463376394077,-0.06601936646312155,0.03369972683442115
Leontopithecus chrysomelas,Leontopithecus chrysomelas,leontopithecus chrysomelas,leontopithecus chrysomelas,leontopithecus chrysomelas,1,1,0,FALSE,50,21.3,3.0587070727153796,15.01,0.965880639132367,arboreal,FALSE,0.1,20.573257613519417,0.46045447477874507,-0.7610563255842371,-0.6387265991985834
Leontopithecus chrysopygus,Leontopithecus chrysopygus,leontopithecus chrysopygus,leontopithecus chrysopygus,leontopithecus chrysopygus,1,1,0,FALSE,50,17.9,2.884800712846709,21.99,0.9272492216291858,arboreal,FALSE,0.1,16.597761067162423,0.46045447477874507,-1.1540107180671852,-0.901513899027574
Leontopithecus rosalia,Leontopithecus rosalia,leontopithecus rosalia,leontopithecus rosalia,leontopithecus rosalia,1,1,0,FALSE,50,24.8,3.2108436531709366,22.1,0.9265286308718373,arboreal,FALSE,0.1,22.977910045621567,0.46045447477874507,-0.5233706114675352,-0.3682102611393287
Lophocebus albigena,Lophocebus albigena,lophocebus albigena,lophocebus albigena,lophocebus albigena,1,1,1,FALSE,50,32.7,3.487375077903208,0.22,0.9999926282674982,arboreal,FALSE,0.1,32.699758944347195,0.46045447477874507,0.4375768282454953,0.24238375905156076
Lophocebus aterrimus,Lophocebus aterrimus,lophocebus aterrimus,lophocebus aterrimus,lophocebus aterrimus,1,1,1,FALSE,40,26.8,3.288401887516811,1.6500000000000001,0.9995853681937397,arboreal,FALSE,0.1,26.788887867592223,-0.043376146174809144,-0.1466779248216967,-0.2136294965340403
Macaca arctoides,Macaca arctoides,macaca arctoides,macaca arctoides,macaca arctoides,1,1,1,FALSE,30,30,3.4011973816621555,17.16,0.9554845724739565,scansorial,FALSE,1,28.664537174218694,-0.5472067671283634,0.03871894955664226,0.03369972683442115
Macaca assamensis,Macaca assamensis,macaca assamensis,macaca assamensis,macaca assamensis,1,1,1,FALSE,30,31.4,3.4468078929142076,23.01,0.9204366439858742,scansorial,FALSE,1,28.90171062115645,-0.5472067671283634,0.06216214631653293,0.14190626205812296
Macaca fascicularis,Macaca fascicularis,macaca fascicularis,macaca fascicularis,macaca fascicularis,1,1,1,FALSE,40,38,3.6375861597263857,4.13,0.9974032102313197,scansorial,FALSE,1,37.90132198879015,-0.043376146174809144,0.9517206646837046,0.6520227852555749
Macaca fuscata,Macaca fuscata,macaca fuscata,macaca fuscata,macaca fuscata,1,1,1,FALSE,30,33,3.4965075614664802,35.879999999999995,0.8102462736564354,scansorial,FALSE,1,26.73812703066237,-0.5472067671283634,-0.15169533424592954,0.2655708737423538
Macaca maura,Macaca maura,macaca maura,macaca maura,macaca maura,1,1,1,FALSE,30,33,3.4965075614664802,4.98,0.996225060492936,scansorial,FALSE,1,32.87542699626689,-0.5472067671283634,0.4549405793683638,0.2655708737423538
Macaca mulatta,Macaca mulatta,macaca mulatta,macaca mulatta,macaca mulatta,1,1,1,FALSE,30,36,3.58351893845611,25.07,0.9057907851659387,scansorial,FALSE,1,32.60846826597379,-0.5472067671283634,0.4285532829747919,0.4974420206502865
Macaca nemestrina,Macaca nemestrina,macaca nemestrina,macaca nemestrina,macaca nemestrina,1,1,1,FALSE,70,34.3,3.535145354171894,3.04,0.9985927540074452,scansorial,FALSE,1,34.25173146245537,1.4681157166858536,0.590980160607154,0.36604837073579105
Macaca nigra,Macaca nigra,macaca nigra,macaca nigra,macaca nigra,1,1,1,FALSE,70,18,2.8903717578961645,1.01,0.9998446339083082,scansorial,FALSE,1,17.99720341034955,1.4681157166858536,-1.0156840941172953,-0.8937848607973095
Macaca ochreata,Macaca ochreata,macaca ochreata,macaca ochreata,macaca ochreata,1,1,1,FALSE,30,29,3.367295829986474,4.7,0.9966373868180366,scansorial,FALSE,1,28.90248421772306,-0.5472067671283634,0.062238611775706255,-0.04359065546822307
Macaca pagensis,Macaca pagensis,macaca pagensis,macaca pagensis,macaca pagensis,1,1,1,FALSE,60,30,3.4011973816621555,2.68,0.9989062573590616,scansorial,FALSE,1,29.967187720771847,0.9642850957322994,0.16747827513257457,0.03369972683442115
Macaca radiata,Macaca radiata,macaca radiata,macaca radiata,macaca radiata,1,1,1,FALSE,30,30,3.4011973816621555,14.59,0.9677531501451416,scansorial,FALSE,1,29.03259450435425,-0.5472067671283634,0.07509924642668914,0.03369972683442115
Macaca silenus,Macaca silenus,macaca silenus,macaca silenus,macaca silenus,1,1,1,FALSE,30,40,3.6888794541139363,13.19,0.9736187427898355,scansorial,FALSE,1,38.94474971159342,-0.5472067671283634,1.0548573426138492,0.8066035498608634
Macaca sinica,Macaca sinica,macaca sinica,macaca sinica,macaca sinica,1,1,1,FALSE,30,35,3.5553480614894135,7.87,0.9905812932541447,scansorial,FALSE,1,34.670345263895065,-0.5472067671283634,0.6323576665643539,0.42015163834764224
Macaca sylvanus,Macaca sylvanus,macaca sylvanus,macaca sylvanus,macaca sylvanus,1,1,1,FALSE,30,22,3.091042453358316,34.21,0.82698245962176,scansorial,FALSE,1,18.19361411167872,-0.5472067671283634,-0.9962700544072923,-0.5846233315867326
Macaca thibetana,Macaca thibetana,macaca thibetana,macaca thibetana,macaca thibetana,1,1,1,FALSE,30,27,3.295836866004329,28.38,0.8798145434409992,scansorial,FALSE,1,23.75499267290698,-0.5472067671283634,-0.4465605757516667,-0.1981714200735115
Macaca tonkeana,Macaca tonkeana,macaca tonkeana,macaca tonkeana,macaca tonkeana,1,1,1,FALSE,30,28.4,3.3463891451671604,1.1,0.9998157121216442,scansorial,FALSE,1,28.394766224254695,-0.5472067671283634,0.012053681830578573,-0.0899648848498097
Mandrillus leucophaeus,Mandrillus leucophaeus,mandrillus leucophaeus,mandrillus leucophaeus,mandrillus leucophaeus,1,1,1,FALSE,40,33.4,3.5085558999826545,5.21,0.9958685650785236,scansorial,FALSE,1,33.26201007362269,-0.043376146174809144,0.49315203711588523,0.29648702666341137
Mandrillus sphinx,Mandrillus sphinx,mandrillus sphinx,mandrillus sphinx,mandrillus sphinx,1,1,1,FALSE,40,46.33,3.835789699428557,0.76,0.9999120277790478,scansorial,FALSE,1,46.32592424700328,-0.043376146174809144,1.7844429230693208,1.2958516698366012
Miopithecus talapoin,Miopithecus talapoin,miopithecus talapoin,miopithecus talapoin,miopithecus talapoin,1,1,1,FALSE,50,30.9,3.4307561839036995,7.68,0.9910299093414927,arboreal,FALSE,0.1,30.622824198652122,0.46045447477874507,0.23228407507502236,0.10326107090680084
Nasalis larvatus,Nasalis larvatus,nasalis larvatus,nasalis larvatus,nasalis larvatus,1,1,1,FALSE,20,21,3.044522437723423,1.42,0.9996929004370153,scansorial,FALSE,1,20.993550909177323,-1.0510373880819177,-0.7195128115265399,-0.6619137138893768
Nomascus concolor,Nomascus concolor,nomascus concolor,nomascus concolor,nomascus concolor,1,1,1,FALSE,80,44.1,3.7864597824528,22.7,0.9225380894562464,arboreal,FALSE,0.1,40.683929745020464,1.9719463376394077,1.2267650340140743,1.1234941173017048
Nomascus leucogenys,Nomascus leucogenys,nomascus leucogenys,nomascus leucogenys,nomascus leucogenys,1,1,1,FALSE,80,44.1,3.7864597824528,20.91,0.9341421975660468,arboreal,FALSE,0.1,41.19567091266266,1.9719463376394077,1.2773476310040346,1.1234941173017048
Pan paniscus,Pan paniscus,pan paniscus,pan paniscus,pan paniscus,1,1,1,FALSE,60,48,3.871201010907891,1.6600000000000001,0.9995803274764746,scansorial,FALSE,1,47.97985571887078,0.9642850957322994,1.9479242968191448,1.4249266082820171
Pan troglodytes,Pan troglodytes,pan troglodytes,pan troglodytes,pan troglodytes,1,1,1,FALSE,60,60,4.0943445622221,2.2,0.9992629164106211,scansorial,FALSE,1,59.955774984637266,0.9642850957322994,3.131673301409907,2.3524111959137475
Papio anubis,Papio anubis,papio anubis,papio anubis,papio anubis,1,1,1,FALSE,20,25.2,3.2268439945173775,8.04,0.990170666273471,ground,FALSE,1,24.952300790091467,-1.0510373880819177,-0.3282137281775514,-0.33729410821827116
Papio cynocephalus,Papio cynocephalus,papio cynocephalus,papio cynocephalus,papio cynocephalus,1,1,1,FALSE,20,45,3.8066624897703196,5.96,0.9945946276372433,ground,FALSE,1,44.75675824367595,-1.0510373880819177,1.6293401160734429,1.1930554613740845
Papio hamadryas,Papio hamadryas,papio hamadryas,papio hamadryas,papio hamadryas,1,1,1,FALSE,0,37.5,3.624340932976365,12.719999999999999,0.9754577437121731,ground,FALSE,1,36.57966538920649,-2.058698629989026,0.8210827028330292,0.6133775941042527
Papio papio,Papio papio,papio papio,papio papio,papio papio,1,1,1,FALSE,20,40,3.6888794541139363,10.83,0.9821890034564742,ground,FALSE,1,39.28756013825897,-1.0510373880819177,1.0887421319417696,0.8066035498608634
Papio ursinus,Papio ursinus,papio ursinus,papio ursinus,papio ursinus,1,1,1,FALSE,40,45,3.8066624897703196,24.419999999999998,0.9105394046779844,ground,FALSE,1,40.9742732105093,-0.043376146174809144,1.2554637735959537,1.1930554613740845
Phaner furcifer,Phaner furcifer,phaner furcifer,phaner furcifer,phaner furcifer,1,1,0,FALSE,0,12,2.4849066497880004,15.350000000000001,0.9643267785343497,arboreal,FALSE,0.1,11.571921342412196,-2.058698629989026,-1.6507853404890425,-1.3575271546131749
Pithecia pithecia,Pithecia pithecia,pithecia pithecia,pithecia pithecia,pithecia pithecia,1,1,0,FALSE,30,20.7,3.0301337002713233,2.92,0.9987016360714307,arboreal,FALSE,0.1,20.673123866678615,-0.5472067671283634,-0.7511851353109914,-0.6851008285801701
Pongo pygmaeus,Pongo pygmaeus,pongo pygmaeus,pongo pygmaeus,pongo pygmaeus,1,1,1,FALSE,80,60,4.0943445622221,1.33,0.9997305932206075,arboreal,FALSE,0.1,59.98383559323645,1.9719463376394077,3.1344469271133173,2.3524111959137475
Presbytis melalophos,Presbytis melalophos,presbytis melalophos,presbytis melalophos,presbytis melalophos,1,1,1,FALSE,40,16,2.772588722239781,3.3299999999999996,0.9983115393108354,arboreal,FALSE,0.1,15.972984628973366,-0.043376146174809144,-1.2157661850493455,-1.048365625402598
Propithecus diadema,Propithecus diadema,propithecus diadema,propithecus diadema,propithecus diadema,1,1,0,FALSE,30,21,3.044522437723423,17,0.9563047559630354,arboreal,FALSE,0.1,20.082399875223743,-0.5472067671283634,-0.8095747187203809,-0.6619137138893768
Propithecus tattersalli,Propithecus tattersalli,propithecus tattersalli,propithecus tattersalli,propithecus tattersalli,1,1,0,FALSE,30,20,2.995732273553991,13.08,0.9740550241708108,arboreal,FALSE,0.1,19.481100483416217,-0.5472067671283634,-0.869009618097822,-0.739204096192021
Propithecus verreauxi,Propithecus verreauxi,propithecus verreauxi,propithecus verreauxi,propithecus verreauxi,1,1,0,FALSE,30,20.6,3.0252910757955354,22.630000000000003,0.9230088740101037,arboreal,FALSE,0.1,19.013982804608137,-0.5472067671283634,-0.9151814463345433,-0.6928298668104343
Pygathrix nemaeus,Pygathrix nemaeus,pygathrix nemaeus,pygathrix nemaeus,pygathrix nemaeus,1,1,1,FALSE,20,25,3.2188758248682006,16.630000000000003,0.9581728570278079,arboreal,FALSE,0.1,23.954321425695195,-1.0510373880819177,-0.4268581038609407,-0.35275218467879993
Rhinopithecus roxellana,Rhinopithecus roxellana,rhinopithecus roxellana,rhinopithecus roxellana,rhinopithecus roxellana,1,1,1,FALSE,10,29.5,3.3843902633457743,32.32,0.8450752575720964,arboreal,FALSE,0.1,24.929720098376844,-1.5548680090354718,-0.33044569640871374,-0.00494546431690096
Saguinus bicolor,Saguinus bicolor,saguinus bicolor,saguinus bicolor,saguinus bicolor,1,1,0,FALSE,30,19,2.9444389791664403,1.74,0.9995389055889605,arboreal,FALSE,0.1,18.99123920619025,-0.5472067671283634,-0.9174295169327599,-0.8164944784946653
Saguinus fuscicollis,Saguinus fuscicollis,saguinus fuscicollis,saguinus fuscicollis,saguinus fuscicollis,1,1,0,FALSE,30,24.5,3.1986731175506815,5.28,0.9957568809385692,arboreal,FALSE,0.1,24.396043582994945,-0.5472067671283634,-0.3831964731831225,-0.391397375830122
Saguinus geoffroyi,Saguinus geoffroyi,saguinus geoffroyi,saguinus geoffroyi,saguinus geoffroyi,1,1,0,FALSE,30,20.5,3.0204248861443626,6.88,0.9927992171141706,arboreal,FALSE,0.1,20.352383950840498,-0.5472067671283634,-0.7828883847802167,-0.700558905040699
Saguinus imperator,Saguinus imperator,saguinus imperator,saguinus imperator,saguinus imperator,1,1,0,FALSE,30,20.2,3.005682604407159,9.229999999999999,0.9870524161681935,arboreal,FALSE,0.1,19.93845880659751,-0.5472067671283634,-0.8238024446197278,-0.7237460197314922
Saguinus leucopus,Saguinus leucopus,saguinus leucopus,saguinus leucopus,saguinus leucopus,1,1,0,FALSE,30,15.2,2.7212954278522306,6.3,0.9939609554551797,arboreal,FALSE,0.1,15.108206522918731,-0.5472067671283634,-1.3012444017537848,-1.1101979312447132
Saguinus midas,Saguinus midas,saguinus midas,saguinus midas,saguinus midas,1,1,0,FALSE,30,15.4,2.7343675094195836,0.17,0.9999955982815133,arboreal,FALSE,0.1,15.399932213535305,-0.5472067671283634,-1.2724090373681833,-1.0947398547841845
Saguinus mystax,Saguinus mystax,saguinus mystax,saguinus mystax,saguinus mystax,1,1,0,FALSE,30,20,2.995732273553991,6.23,0.9940942793684235,arboreal,FALSE,0.1,19.881885587368473,-0.5472067671283634,-0.8293943737620944,-0.739204096192021
Saguinus oedipus,Saguinus oedipus,saguinus oedipus,saguinus oedipus,saguinus oedipus,1,1,0,FALSE,30,23.1,3.139832617527748,9.219999999999999,0.987080395871597,arboreal,FALSE,0.1,22.801557144633893,-0.5472067671283634,-0.5408020558826284,-0.49960391105382385
Saimiri boliviensis,Saimiri boliviensis,saimiri boliviensis,saimiri boliviensis,saimiri boliviensis,1,1,0,FALSE,20,30.3,3.4111477125153233,11.05,0.9814602974323101,arboreal,FALSE,0.1,29.738247012198997,-1.0510373880819177,0.14484883601652274,0.05688684152521447
Saimiri sciureus,Saimiri sciureus,saimiri sciureus,saimiri sciureus,saimiri sciureus,1,1,0,FALSE,20,27,3.295836866004329,0.64,0.9999376150010865,arboreal,FALSE,0.1,26.998315605029333,-1.0510373880819177,-0.1259772278460973,-0.1981714200735115
Semnopithecus entellus,Semnopithecus entellus,semnopithecus entellus,semnopithecus entellus,semnopithecus entellus,1,1,1,FALSE,10,25,3.2188758248682006,23.49,0.9171296552585672,scansorial,FALSE,1,22.92824138146418,-1.5548680090354718,-0.5282800660530991,-0.35275218467879993
Symphalangus syndactylus,Symphalangus syndactylus,symphalangus syndactylus,symphalangus syndactylus,symphalangus syndactylus,1,1,1,FALSE,80,38,3.6375861597263857,0.14,0.9999970147507714,arboreal,FALSE,0.1,37.99988656052931,1.9719463376394077,0.9614631914238161,0.6520227852555749
Theropithecus gelada,Theropithecus gelada,theropithecus gelada,theropithecus gelada,theropithecus gelada,1,1,1,FALSE,0,28,3.332204510175204,10.950000000000001,0.9817933219112157,ground,FALSE,1,27.49021301351404,-2.058698629989026,-0.0773560694420806,-0.12088103777086728
Trachypithecus auratus,Trachypithecus auratus,trachypithecus auratus,trachypithecus auratus,trachypithecus auratus,1,1,1,FALSE,30,31.1,3.4372078191851885,7.41,0.9916486682069655,arboreal,FALSE,0.1,30.84027358123663,-0.5472067671283634,0.25377766437460025,0.1187191473673299
Trachypithecus cristatus,Trachypithecus cristatus,trachypithecus cristatus,trachypithecus cristatus,trachypithecus cristatus,1,1,1,FALSE,30,31.1,3.4372078191851885,0.54,0.9999555871089498,arboreal,FALSE,0.1,31.098618759088343,-0.5472067671283634,0.27931356189830614,0.1187191473673299
Trachypithecus francoisi,Trachypithecus francoisi,trachypithecus francoisi,trachypithecus francoisi,trachypithecus francoisi,1,1,1,FALSE,30,26.3,3.269568939183719,22.9,0.9211854055657213,arboreal,FALSE,0.1,24.22717616637847,-0.5472067671283634,-0.3998880216055452,-0.2522746876853624
Trachypithecus obscurus,Trachypithecus obscurus,trachypithecus obscurus,trachypithecus obscurus,trachypithecus obscurus,1,1,1,FALSE,30,25,3.2188758248682006,6.819999999999999,0.9929241168305712,arboreal,FALSE,0.1,24.82310292076428,-0.5472067671283634,-0.3409841757580124,-0.35275218467879993
Trachypithecus phayrei,Trachypithecus phayrei,trachypithecus phayrei,trachypithecus phayrei,trachypithecus phayrei,1,1,1,FALSE,30,28.3,3.342861804649192,20.479999999999997,0.9367943776179378,arboreal,FALSE,0.1,26.51128088658764,-0.5472067671283634,-0.17411773801173552,-0.09769392308007396
Trachypithecus pileatus,Trachypithecus pileatus,trachypithecus pileatus,trachypithecus pileatus,trachypithecus pileatus,1,1,1,FALSE,30,25.2,3.2268439945173775,24.830000000000002,0.9075577295099808,arboreal,FALSE,0.1,22.870454783651518,-0.5472067671283634,-0.5339919305138894,-0.33729410821827116
Trachypithecus vetulus,Trachypithecus vetulus,trachypithecus vetulus,trachypithecus vetulus,trachypithecus vetulus,1,1,1,FALSE,30,23,3.1354942159291497,8.03,0.9901950621358374,arboreal,FALSE,0.1,22.77448642912426,-0.5472067671283634,-0.5434778364909437,-0.5073329492840883
Varecia rubra,Varecia rubra,varecia rubra,varecia rubra,varecia rubra,1,1,0,FALSE,90,37.5,3.624340932976365,15.44,0.9639097761610175,arboreal,FALSE,0.1,36.14661660603816,2.475776958592962,0.7782783840464041,0.6133775941042527
Varecia variegata,Varecia variegata,varecia variegata,varecia variegata,varecia variegata,1,1,0,FALSE,100,32,3.4657359027997265,19.18,0.9444911088161634,arboreal,FALSE,0.1,30.22371548211723,2.9796075795465162,0.19283453175084736,0.1882804914397096
Ateles chamek,Ateles chamek,ateles chamek,ateles chamek,ateles chamek,1,1,0,FALSE,60,42.8,3.756538102587751,7.01,0.992524866311091,arboreal,FALSE,0.1,42.480064278114696,0.9642850957322994,1.4043023418797942,1.023016620308267
Callithrix kuhlii,Callithrix kuhlii,callithrix kuhlii,callithrix kuhlii,callithrix kuhlii,1,1,0,FALSE,30,20,2.995732273553991,15.62,0.9630686373944737,arboreal,FALSE,0.1,19.261372747889475,-0.5472067671283634,-0.8907284091516557,-0.739204096192021
Cebus nigritus,Cebus nigritus,cebus nigritus,cebus nigritus,cebus nigritus,1,1,0,FALSE,40,44,3.784189633918261,23.1,0.9198214973217377,arboreal,FALSE,0.1,40.47214588215646,-0.043376146174809144,1.2058314479326884,1.1157650790714402
Saguinus labiatus,Saguinus labiatus,saguinus labiatus,saguinus labiatus,saguinus labiatus,1,1,0,FALSE,30,20.5,3.0204248861443626,6.4,0.9937679191605964,arboreal,FALSE,0.1,20.372242342792227,-0.5472067671283634,-0.7809254998288436,-0.700558905040699
Saguinus nigricollis,Saguinus nigricollis,saguinus nigricollis,saguinus nigricollis,saguinus nigricollis,1,1,0,FALSE,30,15.2,2.7212954278522306,3.04,0.9985927540074452,arboreal,FALSE,0.1,15.178609860913166,-0.5472067671283634,-1.294285446919394,-1.1101979312447132
Cercocebus atys,Cercocebus atys,cercocebus atys,cercocebus atys,cercocebus atys,1,1,1,FALSE,40,26.8,3.288401887516811,7.92,0.9904614256966512,arboreal,FALSE,0.1,26.54436620867025,-0.043376146174809144,-0.1708474490082177,-0.2136294965340403
Prolemur simus,Prolemur simus,prolemur simus,prolemur simus,prolemur simus,1,1,0,FALSE,10,12,2.4849066497880004,21.759999999999998,0.9287448642521512,arboreal,FALSE,0.1,11.144938371025814,-1.5548680090354718,-1.6929900895474848,-1.3575271546131749
Chiropotes albinasus,Chiropotes albinasus,chiropotes albinasus,chiropotes albinasus,chiropotes albinasus,1,1,0,FALSE,40,17,2.833213344056216,8.41,0.9892468215973416,arboreal,FALSE,0.1,16.817195967154806,-0.043376146174809144,-1.132320872079247,-0.9710752430999536
Pithecia aequatorialis,Pithecia aequatorialis,pithecia aequatorialis,pithecia aequatorialis,pithecia aequatorialis,1,1,0,FALSE,30,14.9,2.7013612129514133,2.46,0.9990784301944899,arboreal,FALSE,0.1,14.8862686098979,-0.5472067671283634,-1.323181655820815,-1.1333850459355066
Pithecia monachus,Pithecia monachus,pithecia monachus,pithecia monachus,pithecia monachus,1,1,0,FALSE,30,24.6,3.202746442938317,6.29,0.9939800925665009,arboreal,FALSE,0.1,24.451910277135923,-0.5472067671283634,-0.37767437987975505,-0.3836683375998575
