scientific_name,routine_trichromacy,diet_pct_fruit_eltontraits,z_frugivory,longevity_years,log_longevity,abs_latitude,uv,foraging_stratum_eltontraits,arboreal,uv_arb,luv_arb,z_uv_arb
Alouatta belzebul,1,40,-0.04656425057311814,NA,NA,6.8,0.9929655081065369,arboreal,0.1,0.0992965508106537,NA,-0.4520059232579558
Alouatta caraya,1,40,-0.04656425057311814,20.3,3.0106208860477417,20.34,0.9376464992972356,arboreal,0.1,0.09376464992972357,1.9034223935733885,-0.4688122532831211
Alouatta coibensis,1,40,-0.04656425057311814,NA,NA,7.63,0.9911461550970212,arboreal,0.1,0.09911461550970213,NA,-0.4525586563558246
Alouatta guariba,1,40,-0.04656425057311814,NA,NA,21.130000000000003,0.9327649130588994,arboreal,0.1,0.09327649130588994,NA,-0.47029531581684436
Alouatta macconnelli,1,40,-0.04656425057311814,NA,NA,2.57,0.9989941848579477,arboreal,0.1,0.09989941848579477,NA,-0.4501743660178663
Alouatta nigerrima,1,40,-0.04656425057311814,NA,NA,5.63,0.9951761692737146,arboreal,0.1,0.09951761692737146,NA,-0.4513343078051648
Alouatta palliata,1,40,-0.04656425057311814,25,3.2188758248682006,6.95,0.992652124759271,arboreal,0.1,0.09926521247592711,2.4816303118981775,-0.4521011314706823
Alouatta pigra,1,40,-0.04656425057311814,20,2.995732273553991,18.8,0.9466492601156964,arboreal,0.1,0.09466492601156964,1.8932985202313928,-0.4660771469840501
Alouatta sara,1,40,-0.04656425057311814,NA,NA,14.719999999999999,0.9671791156156329,arboreal,0.1,0.09671791156156329,NA,-0.45984002281412334
Alouatta seniculus,1,40,-0.04656425057311814,25,3.2188758248682006,0.6799999999999999,0.9999295732792147,arboreal,0.1,0.09999295732792148,2.4998239331980368,-0.4498901879957379
Ateles belzebuth,0,60,0.961219172545078,28,3.332204510175204,0.44,0.9999705131786779,arboreal,0.1,0.09999705131786779,2.799917436900298,-0.449877750147042
Ateles chamek,0,60,0.961219172545078,42.8,3.756538102587751,7.01,0.992524866311091,arboreal,0.1,0.09925248663110911,4.24800642781147,-0.4521397935422675
Ateles fusciceps,0,60,0.961219172545078,24,3.1780538303479458,6.44,0.9936898569964848,arboreal,0.1,0.09936898569964848,2.3848556567915637,-0.45178586062921655
Ateles geoffroyi,0,60,0.961219172545078,27.3,3.3068867021909143,12.38,0.9767471755999566,arboreal,0.1,0.09767471755999567,2.666519789387882,-0.45693317438610004
Ateles hybridus,0,60,0.961219172545078,NA,NA,8.8,0.9882283814465528,arboreal,0.1,0.09882283814465528,NA,-0.45344509788765947
Ateles marginatus,0,60,0.961219172545078,44,3.784189633918261,4.6899999999999995,0.9966516726059063,arboreal,0.1,0.09966516726059063,4.3852673594659874,-0.45088603881973294
Ateles paniscus,0,60,0.961219172545078,37.8,3.632309102625542,2.06,0.9993537323810014,arboreal,0.1,0.09993537323810014,3.777557108400185,-0.4500651327820901
Brachyteles arachnoides,0,20,-1.0543476736913144,40,3.6888794541139363,22.66,0.9228072778591088,arboreal,0.1,0.09228072778591088,3.6912291114364355,-0.4733205201189457
Brachyteles hypoxanthus,0,20,-1.0543476736913144,NA,NA,20.51,0.936611052263697,arboreal,0.1,0.09366110522636971,NA,-0.46912682986256077
Lagothrix cana,0,70,1.4651108841041762,NA,NA,8.39,0.9892978141936767,arboreal,0.1,0.09892978141936767,NA,-0.4531201961933822
Lagothrix lagotricha,0,70,1.4651108841041762,30,3.4011973816621555,0.02,0.9999999390765166,arboreal,0.1,0.09999999390765167,2.99999981722955,-0.44986881033844794
Lagothrix lugens,0,70,1.4651108841041762,NA,NA,3.55,0.9980811434661735,arboreal,0.1,0.09980811434661735,NA,-0.4504517548447285
Lagothrix poeppigii,0,70,1.4651108841041762,NA,NA,5.22,0.9958527012051857,arboreal,0.1,0.09958527012051857,NA,-0.45112877232725956
Oreonax flavicauda,0,70,1.4651108841041762,NA,NA,7.89,0.9905334367505378,arboreal,0.1,0.09905334367505379,NA,-0.45274480478771295
Callimico goeldii,0,50,0.45732746098598,17.9,2.884800712846709,5.33,0.995676196568517,arboreal,0.1,0.09956761965685171,1.7822603918576454,-0.45118239576048214
Callithrix acariensis,0,30,-0.5504559621322163,NA,NA,9.62,0.9859377637269816,arboreal,0.1,0.09859377637269817,NA,-0.4541410047411122
Callithrix argentata,0,60,0.961219172545078,16.8,2.8213788864092133,3.09,0.9985460936510022,arboreal,0.1,0.09985460936510022,1.677557437333684,-0.45031049948929674
Callithrix aurita,0,30,-0.5504559621322163,NA,NA,23.150000000000002,0.9194787684000263,arboreal,0.1,0.09194787684000263,NA,-0.47433174627185937
Callithrix chrysoleuca,0,30,-0.5504559621322163,NA,NA,5.7700000000000005,0.9949334854037475,arboreal,0.1,0.09949334854037475,NA,-0.45140803698611437
Callithrix emiliae,0,30,-0.5504559621322163,NA,NA,9.52,0.986227928967551,arboreal,0.1,0.0986227928967551,NA,-0.4540528503634434
Callithrix flaviceps,0,30,-0.5504559621322163,NA,NA,21.16,0.9325760355695187,arboreal,0.1,0.09325760355695188,NA,-0.4703526982155745
Callithrix geoffroyi,0,30,-0.5504559621322163,17.6,2.8678989020441064,18.99,0.9455753835603061,arboreal,0.1,0.09455753835603062,1.664212675066139,-0.4664033987406279
Callithrix humeralifera,0,60,0.961219172545078,15,2.70805020110221,5.359999999999999,0.9956274219821757,arboreal,0.1,0.09956274219821758,1.4934411329732638,-0.451197213845848
Callithrix humilis,0,30,-0.5504559621322163,NA,NA,6.45,0.9936702657801585,arboreal,0.1,0.09936702657801585,NA,-0.4517918125877613
Callithrix intermedia,0,30,-0.5504559621322163,NA,NA,8.04,0.990170666273471,arboreal,0.1,0.0990170666273471,NA,-0.4528550171811055
Callithrix jacchus,0,30,-0.5504559621322163,16.8,2.8213788864092133,6.58,0.9934128257140318,arboreal,0.1,0.09934128257140318,1.6689335471995734,-0.451870024811844
Callithrix kuhlii,0,30,-0.5504559621322163,20,2.995732273553991,15.62,0.9630686373944737,arboreal,0.1,0.09630686373944737,1.9261372747889474,-0.46108881694534504
Callithrix leucippe,0,40,-0.04656425057311814,NA,NA,4.63,0.9967367497632916,arboreal,0.1,0.09967367497632917,NA,-0.4508601917408463
Callithrix manicorensis,0,30,-0.5504559621322163,NA,NA,6.48,0.9936113105200084,arboreal,0.1,0.09936113105200084,NA,-0.4518097236382326
Callithrix marcai,0,30,-0.5504559621322163,NA,NA,9.950000000000001,0.9849589146280211,arboreal,0.1,0.09849589146280212,NA,-0.45443838644328033
Callithrix mauesi,0,30,-0.5504559621322163,NA,NA,3.2,0.998440764181981,arboreal,0.1,0.0998440764181981,NA,-0.45034249937244447
Callithrix melanura,0,40,-0.04656425057311814,NA,NA,14.229999999999999,0.9693167743646459,arboreal,0.1,0.0969316774364646,NA,-0.4591905860438273
Callithrix nigriceps,0,0,-2.0621310968095106,NA,NA,7.49,0.9914676273912694,arboreal,0.1,0.09914676273912694,NA,-0.45246099066030027
Callithrix penicillata,0,30,-0.5504559621322163,15.4,2.7343675094195836,12.68,0.975611225313615,arboreal,0.1,0.09756112253136151,1.5024412869829673,-0.4572782846079815
Callithrix pygmaea,0,0,-2.0621310968095106,15.1,2.714694743820879,5.96,0.9945946276372433,arboreal,0.1,0.09945946276372433,1.5018378877322374,-0.4515109845185818
Callithrix saterei,0,30,-0.5504559621322163,NA,NA,5.14,0.9959787627599905,arboreal,0.1,0.09959787627599906,NA,-0.45109047388086404
Cebus albifrons,0,20,-1.0543476736913144,44,3.784189633918261,0.8200000000000001,0.999897589371505,arboreal,0.1,0.09998975893715051,4.399549393234622,-0.44989990494692755
Cebus apella,0,20,-1.0543476736913144,45.1,3.8088822465086327,10.77,0.9823852287012823,arboreal,0.1,0.09823852287012824,4.430557381442783,-0.4552202915423938
Cebus capucinus,0,20,-1.0543476736913144,54.8,4.00369019395397,8.739999999999998,0.9883880459536023,arboreal,0.1,0.09883880459536024,5.416366491825741,-0.4533965906121942
Cebus kaapori,0,70,1.4651108841041762,NA,NA,3,0.9986295347545738,arboreal,0.1,0.09986295347545739,NA,-0.45028514945583675
Cebus libidinosus,0,40,-0.04656425057311814,NA,NA,18.08,0.95062412024896,arboreal,0.1,0.09506241202489601,NA,-0.4648695546456952
Cebus nigritus,0,40,-0.04656425057311814,44,3.784189633918261,23.1,0.9198214973217377,arboreal,0.1,0.09198214973217378,4.047214588215646,-0.4742276226533884
Cebus olivaceus,0,20,-1.0543476736913144,41,3.713572066704308,4.78,0.9965220076166375,arboreal,0.1,0.09965220076166376,4.085740231228214,-0.450925432016561
Cebus xanthosternos,0,40,-0.04656425057311814,NA,NA,14.09,0.969914519353165,arboreal,0.1,0.0969914519353165,NA,-0.4590089866304579
Leontopithecus caissara,0,50,0.45732746098598,NA,NA,25.68,0.9012283419994114,arboreal,0.1,0.09012283419994115,NA,-0.47987636277513174
Leontopithecus chrysomelas,0,50,0.45732746098598,21.3,3.0587070727153796,15.01,0.965880639132367,arboreal,0.1,0.09658806391323671,2.057325761351942,-0.4602345097143299
Leontopithecus chrysopygus,0,50,0.45732746098598,17.9,2.884800712846709,21.99,0.9272492216291858,arboreal,0.1,0.09272492216291858,1.6597761067162424,-0.4719710242664353
Leontopithecus rosalia,0,50,0.45732746098598,24.8,3.2108436531709366,22.1,0.9265286308718373,arboreal,0.1,0.09265286308718373,2.2977910045621566,-0.4721899451462875
Saguinus bicolor,0,30,-0.5504559621322163,19,2.9444389791664403,1.74,0.9995389055889605,arboreal,0.1,0.09995389055889606,1.8991239206190251,-0.450008875771855
Saguinus fuscicollis,0,30,-0.5504559621322163,24.5,3.1986731175506815,5.28,0.9957568809385692,arboreal,0.1,0.09957568809385692,2.4396043582994946,-0.45115788324335365
Saguinus geoffroyi,0,30,-0.5504559621322163,20.5,3.0204248861443626,6.88,0.9927992171141706,arboreal,0.1,0.09927992171141707,2.03523839508405,-0.4520564437093896
Saguinus graellsi,0,40,-0.04656425057311814,NA,NA,1.96,0.9994149479166323,arboreal,0.1,0.09994149479166324,NA,-0.45004653504296516
Saguinus imperator,0,30,-0.5504559621322163,20.2,3.005682604407159,9.229999999999999,0.9870524161681935,arboreal,0.1,0.09870524161681936,1.993845880659751,-0.4538023649644137
Saguinus inustus,0,30,-0.5504559621322163,NA,NA,0.64,0.9999376150010865,arboreal,0.1,0.09999376150010865,NA,-0.4498877448602831
Saguinus labiatus,0,30,-0.5504559621322163,20.5,3.0204248861443626,6.4,0.9937679191605964,arboreal,0.1,0.09937679191605964,2.0372242342792224,-0.45176214475793147
Saguinus leucopus,0,30,-0.5504559621322163,15.2,2.7212954278522306,6.3,0.9939609554551797,arboreal,0.1,0.09939609554551798,1.5108206522918732,-0.45170349888297034
Saguinus martinsi,0,30,-0.5504559621322163,NA,NA,1.92,0.9994385817114643,arboreal,0.1,0.09994385817114643,NA,-0.4500393549187323
Saguinus melanoleucus,0,30,-0.5504559621322163,NA,NA,8.42,0.9892212800975134,arboreal,0.1,0.09892212800975135,NA,-0.45314344782615684
Saguinus midas,0,30,-0.5504559621322163,15.4,2.7343675094195836,0.17,0.9999955982815133,arboreal,0.1,0.09999955982815134,1.5399932213535308,-0.44987012910454605
Saguinus mystax,0,30,-0.5504559621322163,20,2.995732273553991,6.23,0.9940942793684235,arboreal,0.1,0.09940942793684236,1.9881885587368473,-0.45166299407757965
Saguinus niger,0,30,-0.5504559621322163,NA,NA,2.7800000000000002,0.9988231282767742,arboreal,0.1,0.09988231282767743,NA,-0.4502263342909438
Saguinus nigricollis,0,30,-0.5504559621322163,15.2,2.7212954278522306,3.04,0.9985927540074452,arboreal,0.1,0.09985927540074452,1.5178609860913166,-0.45029632372284045
Saguinus oedipus,0,30,-0.5504559621322163,23.1,3.139832617527748,9.219999999999999,0.987080395871597,arboreal,0.1,0.09870803958715971,2.2801557144633895,-0.4537938645205423
Saguinus pileatus,0,30,-0.5504559621322163,NA,NA,5.09,0.9960565652217835,arboreal,0.1,0.09960565652217836,NA,-0.4510668369090924
Saguinus tripartitus,0,30,-0.5504559621322163,NA,NA,2,0.9993908270190958,arboreal,0.1,0.09993908270190958,NA,-0.4500538631526553
Saimiri boliviensis,0,20,-1.0543476736913144,30.3,3.4111477125153233,11.05,0.9814602974323101,arboreal,0.1,0.09814602974323101,2.9738247012199,-0.45550129260317807
Saimiri oerstedii,0,20,-1.0543476736913144,NA,NA,8.77,0.9883083491752471,arboreal,0.1,0.09883083491752472,NA,-0.4534208030915537
Saimiri sciureus,0,20,-1.0543476736913144,27,3.295836866004329,0.64,0.9999376150010865,arboreal,0.1,0.09999376150010865,2.6998315605029335,-0.4498877448602831
Saimiri ustus,0,20,-1.0543476736913144,NA,NA,8.98,0.9877428863501856,arboreal,0.1,0.09877428863501857,NA,-0.45359259494139864
Saimiri vanzolinii,0,20,-1.0543476736913144,NA,NA,2.2800000000000002,0.9992083428780468,arboreal,0.1,0.09992083428780468,NA,-0.45010930320418263
Allenopithecus nigroviridis,1,50,0.45732746098598,23,3.1354942159291497,0.17,0.9999955982815133,scansorial,1,0.9999955982815133,22.999898760474807,2.284385377123058
Cercocebus agilis,1,70,1.4651108841041762,31,3.4339872044851463,3.9,0.9976842788356053,arboreal,0.1,0.09976842788356054,3.0928212643903765,-0.45057232529781877
Cercocebus atys,1,40,-0.04656425057311814,26.8,3.288401887516811,7.92,0.9904614256966512,arboreal,0.1,0.09904614256966512,2.6544366208670254,-0.45276668228630035
Cercocebus chrysogaster,1,70,1.4651108841041762,NA,NA,2.7,0.99888987496197,arboreal,0.1,0.09988898749619701,NA,-0.4502060561470718
Cercocebus galeritus,1,70,1.4651108841041762,21,3.044522437723423,2.1,0.9993283937786562,arboreal,0.1,0.09993283937786562,2.098589626935178,-0.4500728308396395
Cercocebus sanjei,1,70,1.4651108841041762,NA,NA,8.629999999999999,0.9886779489912628,arboreal,0.1,0.09886779489912628,NA,-0.45330851589373683
Cercocebus torquatus,1,70,1.4651108841041762,30,3.4011973816621555,4.2,0.9973144772244581,arboreal,0.1,0.09973144772244581,2.9919434316733744,-0.45068467380251104
Cercopithecus albogularis,1,50,0.45732746098598,NA,NA,12.6,0.9759167619387474,arboreal,0.1,0.09759167619387475,NA,-0.45718546028832574
Cercopithecus ascanius,1,50,0.45732746098598,28.3,3.342861804649192,2.71,0.9988816381214108,arboreal,0.1,0.09988816381214109,2.826835035883593,-0.45020855856104813
Cercopithecus campbelli,1,50,0.45732746098598,33,3.4965075614664802,8.53,0.9889383349666097,arboreal,0.1,0.09889383349666098,3.263496505389812,-0.453229408680325
Cercopithecus cephus,1,50,0.45732746098598,23,3.1354942159291497,0.42000000000000004,0.9999731328638829,arboreal,0.1,0.09999731328638829,2.2999382055869306,-0.44987695426701696
Cercopithecus denti,1,50,0.45732746098598,NA,NA,0.55,0.999953926969049,arboreal,0.1,0.0999953926969049,NA,-0.44988278916200075
Cercopithecus diana,1,50,0.45732746098598,37.3,3.6189933266497696,6.6499999999999995,0.9932720857793921,arboreal,0.1,0.09932720857793921,3.7049048799571325,-0.45191278266018925
Cercopithecus doggetti,1,50,0.45732746098598,NA,NA,2.3,0.999194395114446,arboreal,0.1,0.09991943951144461,NA,-0.4501135406394374
Cercopithecus dryas,1,50,0.45732746098598,NA,NA,1.59,0.9996149730606797,arboreal,0.1,0.09996149730606797,NA,-0.44998576590308825
Cercopithecus erythrogaster,1,50,0.45732746098598,24,3.1780538303479458,6.06,0.9944118881299167,arboreal,0.1,0.09944118881299167,2.3865885315118,-0.45156650215230065
Cercopithecus erythrotis,1,50,0.45732746098598,NA,NA,4.970000000000001,0.9962401961736361,arboreal,0.1,0.09962401961736361,NA,-0.4510110484478365
Cercopithecus hamlyni,1,50,0.45732746098598,28.6,3.353406717825807,1.75,0.9995335908367129,arboreal,0.1,0.0999533590836713,2.8586660697929993,-0.450010490433473
Cercopithecus kandti,1,60,0.961219172545078,NA,NA,2.16,0.9992894726405892,arboreal,0.1,0.09992894726405893,NA,-0.4500846553734731
Cercopithecus lhoesti,1,50,0.45732746098598,16,2.772588722239781,1.1300000000000001,0.9998055233121944,arboreal,0.1,0.09998055233121944,1.599688837299511,-0.44992787530666817
Cercopithecus lowei,1,50,0.45732746098598,NA,NA,6.3,0.9939609554551797,arboreal,0.1,0.09939609554551798,NA,-0.45170349888297034
Cercopithecus mitis,1,50,0.45732746098598,27.1,3.299533727885655,1.9,0.9994502159417572,arboreal,0.1,0.09994502159417573,2.7085100852021626,-0.45003582035225864
Cercopithecus mona,1,50,0.45732746098598,30,3.4011973816621555,6.83,0.9929033758229756,arboreal,0.1,0.09929033758229756,2.978710127468927,-0.45202479951198177
Cercopithecus neglectus,1,50,0.45732746098598,26.3,3.269568939183719,1.11,0.9998123463078188,arboreal,0.1,0.09998123463078189,2.629506470789564,-0.44992580242939334
Cercopithecus nictitans,1,50,0.45732746098598,23,3.1354942159291497,1.6900000000000002,0.9995650226315503,arboreal,0.1,0.09995650226315504,2.298999552052566,-0.4500009412183173
Cercopithecus petaurista,1,30,-0.5504559621322163,19,2.9444389791664403,8.93,0.9878787241768515,arboreal,0.1,0.09878787241768516,1.876969575936018,-0.4535513263902444
Cercopithecus pogonias,1,50,0.45732746098598,24.1,3.1822118404966093,1.53,0.999643481727238,arboreal,0.1,0.09996434817272382,2.409140790962644,-0.44997710475624064
Cercopithecus preussi,1,50,0.45732746098598,NA,NA,4.78,0.9965220076166375,arboreal,0.1,0.09965220076166376,NA,-0.450925432016561
Cercopithecus roloway,1,50,0.45732746098598,NA,NA,5.970000000000001,0.9945764900142456,arboreal,0.1,0.09945764900142456,NA,-0.4515164948645647
Cercopithecus sclateri,1,50,0.45732746098598,NA,NA,5.4,0.99556196460308,arboreal,0.1,0.099556196460308,NA,-0.451217100288851
Cercopithecus solatus,1,50,0.45732746098598,NA,NA,0.8,0.9999025240093042,arboreal,0.1,0.09999025240093043,NA,-0.4498984057669315
Cercopithecus wolfi,1,70,1.4651108841041762,24,3.1780538303479458,1.87,0.9994674389493003,arboreal,0.1,0.09994674389493004,2.398721853478321,-0.45003058787331474
Chlorocebus aethiops,1,40,-0.04656425057311814,31.6,3.4531571205928664,12.6,0.9759167619387474,scansorial,1,0.9759167619387474,30.83896967726442,2.2112320652852606
Chlorocebus cynosuros,1,40,-0.04656425057311814,NA,NA,10.219999999999999,0.9841337337744002,scansorial,1,0.9841337337744002,NA,2.236195842375614
Chlorocebus djamdjamensis,1,10,-1.5582393852504124,NA,NA,6.7,0.9931706495384861,scansorial,1,0.9931706495384861,NA,2.263650670654336
Chlorocebus pygerythrus,1,40,-0.04656425057311814,NA,NA,13.19,0.9736187427898355,scansorial,1,0.9736187427898355,NA,2.204250510652946
Chlorocebus sabaeus,1,40,-0.04656425057311814,NA,NA,11.44,0.980132944891586,scansorial,1,0.980132944891586,NA,2.2240411455050726
Chlorocebus tantalus,1,50,0.45732746098598,NA,NA,7.17,0.9921801896421792,scansorial,1,0.9921801896421792,NA,2.2606415791589685
Colobus angolensis,1,30,-0.5504559621322163,35.3,3.563882963939251,4.159999999999999,0.9973653640879485,arboreal,0.1,0.09973653640879486,3.5206997352304583,-0.45066921399149523
Colobus guereza,1,30,-0.5504559621322163,24.5,3.1986731175506815,5.1499999999999995,0.9959631112479873,arboreal,0.1,0.09959631112479873,2.440109622557569,-0.4510952289276695
Colobus polykomos,1,30,-0.5504559621322163,30.5,3.417726683613366,9.06,0.9875239812756824,arboreal,0.1,0.09875239812756825,3.011948142890832,-0.45365909994583514
Colobus satanas,1,30,-0.5504559621322163,NA,NA,1.97,0.9994089633576715,arboreal,0.1,0.09994089633576715,NA,-0.4500483531968895
Colobus vellerosus,1,30,-0.5504559621322163,NA,NA,7.44,0.9915810044372617,arboreal,0.1,0.09915810044372618,NA,-0.45242654586287445
Erythrocebus patas,1,40,-0.04656425057311814,23.9,3.173878458937465,7.970000000000001,0.9903408038596959,ground,1,0.9903408038596959,23.669145212246733,2.2550533871126177
Lophocebus albigena,1,50,0.45732746098598,32.7,3.487375077903208,0.22,0.9999926282674982,arboreal,0.1,0.09999926282674983,3.2699758944347197,-0.4498710314170928
Lophocebus aterrimus,1,40,-0.04656425057311814,26.8,3.288401887516811,1.6500000000000001,0.9995853681937397,arboreal,0.1,0.09995853681937397,2.6788887867592224,-0.44999476008383826
Lophocebus opdenboschi,1,40,-0.04656425057311814,NA,NA,4.7,0.9966373868180366,arboreal,0.1,0.09966373868180367,NA,-0.4508903789492973
Macaca arctoides,1,30,-0.5504559621322163,30,3.4011973816621555,17.16,0.9554845724739565,scansorial,1,0.9554845724739565,28.664537174218694,2.149157540330243
Macaca assamensis,1,30,-0.5504559621322163,31.4,3.4468078929142076,23.01,0.9204366439858742,scansorial,1,0.9204366439858742,28.90171062115645,2.0426793033647854
Macaca cyclopis,1,30,-0.5504559621322163,NA,NA,23.91,0.9141832307634781,scansorial,1,0.9141832307634781,NA,2.0236809646993876
Macaca fascicularis,1,40,-0.04656425057311814,38,3.6375861597263857,4.13,0.9974032102313197,scansorial,1,0.9974032102313197,37.90132198879015,2.276509507677342
Macaca fuscata,1,30,-0.5504559621322163,33,3.4965075614664802,35.879999999999995,0.8102462736564354,scansorial,1,0.8102462736564354,26.73812703066237,1.7079126889202492
Macaca hecki,1,60,0.961219172545078,NA,NA,0.64,0.9999376150010865,scansorial,1,0.9999376150010865,NA,2.2842092195656885
Macaca leonina,1,80,1.9690025956632742,NA,NA,17.59,0.9532434267762799,scansorial,1,0.9532434267762799,NA,2.1423487715109255
Macaca maura,1,30,-0.5504559621322163,33,3.4965075614664802,4.98,0.996225060492936,scansorial,1,0.996225060492936,32.87542699626689,2.2729302003563094
Macaca mulatta,1,30,-0.5504559621322163,36,3.58351893845611,25.07,0.9057907851659387,scansorial,1,0.9057907851659387,32.60846826597379,1.99818408515176
Macaca nemestrina,1,70,1.4651108841041762,34.3,3.535145354171894,3.04,0.9985927540074452,scansorial,1,0.9985927540074452,34.25173146245537,2.280123430940115
Macaca nigra,1,70,1.4651108841041762,18,2.8903717578961645,1.01,0.9998446339083082,scansorial,1,0.9998446339083082,17.99720341034955,2.2839267360279374
Macaca nigrescens,1,80,1.9690025956632742,NA,NA,0.61,0.9999433264643717,scansorial,1,0.9999433264643717,NA,2.2842265714197736
Macaca ochreata,1,30,-0.5504559621322163,29,3.367295829986474,4.7,0.9966373868180366,scansorial,1,0.9966373868180366,28.90248421772306,2.274182878675546
Macaca pagensis,1,60,0.961219172545078,30,3.4011973816621555,2.68,0.9989062573590616,scansorial,1,0.9989062573590616,29.967187720771847,2.2810758776496036
Macaca radiata,1,30,-0.5504559621322163,30,3.4011973816621555,14.59,0.9677531501451416,scansorial,1,0.9677531501451416,29.03259450435425,2.186430400007122
Macaca siberu,1,60,0.961219172545078,NA,NA,1.36,0.9997183030367047,scansorial,1,0.9997183030367047,NA,2.283542933359337
Macaca silenus,1,30,-0.5504559621322163,40,3.6888794541139363,13.19,0.9736187427898355,scansorial,1,0.9736187427898355,38.94474971159342,2.204250510652946
Macaca sinica,1,30,-0.5504559621322163,35,3.5553480614894135,7.87,0.9905812932541447,scansorial,1,0.9905812932541447,34.670345263895065,2.255784011940801
Macaca sylvanus,1,30,-0.5504559621322163,22,3.091042453358316,34.21,0.82698245962176,scansorial,1,0.82698245962176,18.19361411167872,1.7587584778723626
Macaca thibetana,1,30,-0.5504559621322163,27,3.295836866004329,28.38,0.8798145434409992,scansorial,1,0.8798145434409992,23.75499267290698,1.9192663133695946
Macaca tonkeana,1,30,-0.5504559621322163,28.4,3.3463891451671604,1.1,0.9998157121216442,scansorial,1,0.9998157121216442,28.394766224254695,2.283838869469578
Mandrillus leucophaeus,1,40,-0.04656425057311814,33.4,3.5085558999826545,5.21,0.9958685650785236,scansorial,1,0.9958685650785236,33.26201007362269,2.2718471405336498
Mandrillus sphinx,1,40,-0.04656425057311814,46.33,3.835789699428557,0.76,0.9999120277790478,scansorial,1,0.9999120277790478,46.32592424700328,2.2841314836649076
Miopithecus ogouensis,1,80,1.9690025956632742,NA,NA,0.62,0.9999414531032158,arboreal,0.1,0.09999414531032158,NA,-0.4498865788160526
Miopithecus talapoin,1,50,0.45732746098598,30.9,3.4307561839036995,7.68,0.9910299093414927,arboreal,0.1,0.09910299093414927,3.0622824198652125,-0.452593972688736
Nasalis larvatus,1,20,-1.0543476736913144,21,3.044522437723423,1.42,0.9996929004370153,scansorial,1,0.9996929004370153,20.993550909177323,2.2834657583551086
Papio anubis,1,20,-1.0543476736913144,25.2,3.2268439945173775,8.04,0.990170666273471,ground,1,0.990170666273471,24.952300790091467,2.254536496357464
Papio cynocephalus,1,20,-1.0543476736913144,45,3.8066624897703196,5.96,0.9945946276372433,ground,1,0.9945946276372433,44.75675824367595,2.2679768229827006
Papio hamadryas,1,0,-2.0621310968095106,37.5,3.624340932976365,12.719999999999999,0.9754577437121731,ground,1,0.9754577437121731,36.57966538920649,2.2098375334652913
Papio papio,1,20,-1.0543476736913144,40,3.6888794541139363,10.83,0.9821890034564742,ground,1,0.9821890034564742,39.28756013825897,2.2302876057248673
Papio ursinus,1,40,-0.04656425057311814,45,3.8066624897703196,24.419999999999998,0.9105394046779844,ground,1,0.9105394046779844,40.9742732105093,2.0126107475958563
Piliocolobus badius,1,20,-1.0543476736913144,NA,NA,9.69,0.9857328610198625,arboreal,0.1,0.09857328610198625,NA,-0.4542032557212548
Piliocolobus foai,1,20,-1.0543476736913144,NA,NA,1.59,0.9996149730606797,arboreal,0.1,0.09996149730606797,NA,-0.44998576590308825
Piliocolobus gordonorum,1,20,-1.0543476736913144,NA,NA,8.49,0.9890416459071093,arboreal,0.1,0.09890416459071094,NA,-0.4531980220412905
Piliocolobus kirkii,1,20,-1.0543476736913144,NA,NA,6.09,0.9943564755676915,arboreal,0.1,0.09943564755676915,NA,-0.4515833369045557
Piliocolobus pennantii,1,20,-1.0543476736913144,NA,NA,0.9500000000000001,0.9998625445384374,arboreal,0.1,0.09998625445384374,NA,-0.44991055183021217
Piliocolobus preussi,1,20,-1.0543476736913144,NA,NA,5.17,0.9959317172081449,arboreal,0.1,0.0995931717208145,NA,-0.4511047666725744
Piliocolobus rufomitratus,1,20,-1.0543476736913144,NA,NA,2.58,0.9989863435996542,arboreal,0.1,0.09989863435996543,NA,-0.4501767482509816
Piliocolobus tephrosceles,1,20,-1.0543476736913144,NA,NA,2.8699999999999997,0.9987457106821659,arboreal,0.1,0.0998745710682166,NA,-0.45024985433717646
Piliocolobus tholloni,1,20,-1.0543476736913144,NA,NA,1.09,0.9998190474793415,arboreal,0.1,0.09998190474793416,NA,-0.44992376656319494
Presbytis chrysomelas,1,40,-0.04656425057311814,NA,NA,3.59,0.9980376722404478,arboreal,0.1,0.09980376722404478,NA,-0.45046496172933964
Presbytis comata,1,40,-0.04656425057311814,NA,NA,6.7700000000000005,0.9930273681629727,arboreal,0.1,0.09930273681629727,NA,-0.4519871297085736
Presbytis femoralis,1,40,-0.04656425057311814,NA,NA,5.37,0.9956111031289763,arboreal,0.1,0.09956111031289763,NA,-0.451202171635917
Presbytis frontata,1,40,-0.04656425057311814,NA,NA,0.23,0.9999919428800662,arboreal,0.1,0.09999919428800663,NA,-0.4498712396429381
Presbytis hosei,1,40,-0.04656425057311814,NA,NA,3.67,0.9979492705161096,arboreal,0.1,0.09979492705161097,NA,-0.4504918188366161
Presbytis melalophos,1,40,-0.04656425057311814,16,2.772588722239781,3.3299999999999996,0.9983115393108354,arboreal,0.1,0.09983115393108355,1.5972984628973368,-0.4503817588580838
Presbytis natunae,1,40,-0.04656425057311814,NA,NA,3.94,0.9976365520793113,arboreal,0.1,0.09976365520793114,NA,-0.4505868250445528
Presbytis potenziani,1,40,-0.04656425057311814,NA,NA,2.13,0.9993090701927474,arboreal,0.1,0.09993090701927475,NA,-0.45007870149005497
Presbytis rubicunda,1,40,-0.04656425057311814,NA,NA,1.42,0.9996929004370153,arboreal,0.1,0.09996929004370153,NA,-0.44996209098134105
Presbytis siamensis,1,50,0.45732746098598,NA,NA,1.8,0.9995065603657316,arboreal,0.1,0.09995065603657316,NA,-0.450018702493411
Presbytis thomasi,1,40,-0.04656425057311814,NA,NA,4.45,0.9969854226039088,arboreal,0.1,0.09969854226039088,NA,-0.4507846430656683
Procolobus verus,1,10,-1.5582393852504124,NA,NA,7,0.992546151641322,arboreal,0.1,0.0992546151641322,NA,-0.45213332689920477
Pygathrix cinerea,1,20,-1.0543476736913144,NA,NA,14.850000000000001,0.9666001020169073,arboreal,0.1,0.09666001020169074,NA,-0.46001593149070114
Pygathrix nemaeus,1,20,-1.0543476736913144,25,3.2188758248682006,16.630000000000003,0.9581728570278079,arboreal,0.1,0.0958172857027808,2.3954321425695198,-0.4625761917617765
Pygathrix nigripes,1,30,-0.5504559621322163,NA,NA,12.59,0.9759548202525252,arboreal,0.1,0.09759548202525253,NA,-0.45717389788698637
Rhinopithecus avunculus,1,20,-1.0543476736913144,NA,NA,22.06,0.926791059145809,arboreal,0.1,0.0926791059145809,NA,-0.4721102174672268
Rhinopithecus bieti,1,0,-2.0621310968095106,NA,NA,28.69,0.8772299651572215,arboreal,0.1,0.08772299651572216,NA,-0.4871672497588174
Rhinopithecus brelichi,1,20,-1.0543476736913144,NA,NA,27.330000000000002,0.888376962511038,arboreal,0.1,0.08883769625110381,NA,-0.48378070830859554
Rhinopithecus roxellana,1,10,-1.5582393852504124,29.5,3.3843902633457743,32.32,0.8450752575720964,arboreal,0.1,0.08450752575720966,2.492972009837685,-0.4969360912324816
Semnopithecus ajax,1,20,-1.0543476736913144,NA,NA,32.37,0.8446083680043347,scansorial,1,0.8446083680043347,NA,1.8123073102984906
Semnopithecus dussumieri,1,10,-1.5582393852504124,NA,NA,13.93,0.9705905654113183,scansorial,1,0.9705905654113183,NA,2.19505068052339
Semnopithecus entellus,1,10,-1.5582393852504124,25,3.2188758248682006,23.49,0.9171296552585672,scansorial,1,0.9171296552585672,22.92824138146418,2.032632423433835
Semnopithecus hector,1,20,-1.0543476736913144,NA,NA,29.53,0.8700977442720597,scansorial,1,0.8700977442720597,NA,1.8897459482841683
Semnopithecus hypoleucos,1,20,-1.0543476736913144,NA,NA,10.67,0.982709876657223,scansorial,1,0.982709876657223,NA,2.231870057598368
Semnopithecus priam,1,40,-0.04656425057311814,NA,NA,9.91,0.9850793038620546,scansorial,1,0.9850793038620546,NA,2.2390685552634797
Semnopithecus schistaceus,1,10,-1.5582393852504124,NA,NA,28.08,0.8822912264349533,scansorial,1,0.8822912264349533,NA,1.926790662171215
Simias concolor,1,10,-1.5582393852504124,NA,NA,2.13,0.9993090701927474,arboreal,0.1,0.09993090701927475,NA,-0.45007870149005497
Theropithecus gelada,1,0,-2.0621310968095106,28,3.332204510175204,10.950000000000001,0.9817933219112157,ground,1,0.9817933219112157,27.49021301351404,2.2290854954959216
Trachypithecus auratus,1,30,-0.5504559621322163,31.1,3.4372078191851885,7.41,0.9916486682069655,arboreal,0.1,0.09916486682069656,3.084027358123663,-0.4524059891018467
Trachypithecus barbei,1,30,-0.5504559621322163,NA,NA,14.75,0.9670459389139432,arboreal,0.1,0.09670459389139432,NA,-0.459880482895539
Trachypithecus cristatus,1,30,-0.5504559621322163,31.1,3.4372078191851885,0.54,0.9999555871089498,arboreal,0.1,0.099995558710895,3.1098618759088343,-0.44988228479904
Trachypithecus delacouri,1,30,-0.5504559621322163,NA,NA,19.9,0.940288127010419,arboreal,0.1,0.09402881270104191,NA,-0.46800970695940747
Trachypithecus ebenus,1,30,-0.5504559621322163,NA,NA,17.38,0.9543446553069651,arboreal,0.1,0.09543446553069651,NA,-0.4637392281738204
Trachypithecus francoisi,1,30,-0.5504559621322163,26.3,3.269568939183719,22.9,0.9211854055657213,arboreal,0.1,0.09211854055657213,2.422717616637847,-0.47381325709323435
Trachypithecus geei,1,30,-0.5504559621322163,NA,NA,26.79,0.8926644978329499,arboreal,0.1,0.089266449783295,NA,-0.4824781229014165
Trachypithecus germaini,1,30,-0.5504559621322163,NA,NA,12.84,0.9749944466507005,arboreal,0.1,0.09749944466507005,NA,-0.4574656665944729
Trachypithecus hatinhensis,1,30,-0.5504559621322163,NA,NA,17.810000000000002,0.9520760243448547,arboreal,0.1,0.09520760243448548,NA,-0.4644284552853539
Trachypithecus johnii,1,30,-0.5504559621322163,NA,NA,10.75,0.9824503977255098,arboreal,0.1,0.09824503977255099,NA,-0.45520049270376384
Trachypithecus laotum,1,30,-0.5504559621322163,NA,NA,17.93,0.9514333418955382,arboreal,0.1,0.09514333418955383,NA,-0.46462370703655265
Trachypithecus obscurus,1,30,-0.5504559621322163,25,3.2188758248682006,6.819999999999999,0.9929241168305712,arboreal,0.1,0.09929241168305714,2.4823102920764284,-0.4520184982382205
Trachypithecus phayrei,1,30,-0.5504559621322163,28.3,3.342861804649192,20.479999999999997,0.9367943776179378,arboreal,0.1,0.09367943776179379,2.6511280886587643,-0.46907113424415287
Trachypithecus pileatus,1,30,-0.5504559621322163,25.2,3.2268439945173775,24.830000000000002,0.9075577295099808,arboreal,0.1,0.09075577295099808,2.2870454783651515,-0.4779534473496858
Trachypithecus poliocephalus,1,30,-0.5504559621322163,NA,NA,21.38,0.9311831251617939,arboreal,0.1,0.0931183125161794,NA,-0.47077587485072375
Trachypithecus shortridgei,1,30,-0.5504559621322163,NA,NA,25.459999999999997,0.9028856178151219,arboreal,0.1,0.09028856178151219,NA,-0.479372869945071
Trachypithecus vetulus,1,30,-0.5504559621322163,23,3.1354942159291497,8.03,0.9901950621358374,arboreal,0.1,0.09901950621358374,2.277448642912426,-0.45284760553503656
Allocebus trichotis,0,50,0.45732746098598,NA,NA,16.59,0.9583724218952513,arboreal,0.1,0.09583724218952513,NA,-0.462515562457386
Phaner furcifer,0,0,-2.0621310968095106,12,2.4849066497880004,15.350000000000001,0.9643267785343497,arboreal,0.1,0.09643267785343497,1.1571921342412197,-0.4607065842251623
Gorilla beringei,1,10,-1.5582393852504124,NA,NA,1.78,0.9995174638954168,ground,1,0.9995174638954168,NA,2.2829327689758627
Gorilla gorilla,1,10,-1.5582393852504124,54,3.9889840465642745,0.88,0.9998820544536569,ground,1,0.9998820544536569,53.99363094049747,2.2840404224529816
Pan paniscus,1,60,0.961219172545078,48,3.871201010907891,1.6600000000000001,0.9995803274764746,scansorial,1,0.9995803274764746,47.97985571887078,2.2831237532527977
Pan troglodytes,1,60,0.961219172545078,60,4.0943445622221,2.2,0.9992629164106211,scansorial,1,0.9992629164106211,59.955774984637266,2.282159434614197
Pongo abelii,1,80,1.9690025956632742,NA,NA,3.8,0.99780146829205,arboreal,0.1,0.099780146829205,NA,-0.450536722261487
Pongo pygmaeus,1,80,1.9690025956632742,60,4.0943445622221,1.33,0.9997305932206075,arboreal,0.1,0.09997305932206076,5.998383559323646,-0.4499506396308152
Bunopithecus hoolock,1,70,1.4651108841041762,NA,NA,23.439999999999998,0.9174771405229186,arboreal,0.1,0.09174771405229187,NA,-0.4749398558424087
Hylobates agilis,1,70,1.4651108841041762,44,3.784189633918261,0.16,0.9999961008995606,arboreal,0.1,0.09999961008995606,4.399982843958067,-0.4498699764054114
Hylobates albibarbis,1,70,1.4651108841041762,NA,NA,1.6300000000000001,0.9995953582807828,arboreal,0.1,0.09995953582807829,NA,-0.4499917250204226
Hylobates klossii,1,70,1.4651108841041762,37,3.6109179126442243,2.13,0.9993090701927474,arboreal,0.1,0.09993090701927475,3.697443559713166,-0.45007870149005497
Hylobates lar,1,70,1.4651108841041762,40,3.6888794541139363,13.68,0.971631732914674,arboreal,0.1,0.0971631732914674,3.886526931658696,-0.4584872842634127
Hylobates moloch,1,70,1.4651108841041762,45,3.8066624897703196,7,0.992546151641322,arboreal,0.1,0.0992546151641322,4.466457682385949,-0.45213332689920477
Hylobates muelleri,1,70,1.4651108841041762,60,4.0943445622221,1.1300000000000001,0.9998055233121944,arboreal,0.1,0.09998055233121944,5.998833139873167,-0.44992787530666817
Hylobates pileatus,1,70,1.4651108841041762,36,3.58351893845611,12.92,0.9746832058153599,arboreal,0.1,0.097468320581536,3.508859540935296,-0.4575602238959979
Nomascus concolor,1,80,1.9690025956632742,44.1,3.7864597824528,22.7,0.9225380894562464,arboreal,0.1,0.09225380894562464,4.068392974502046,-0.47340230157589575
Nomascus gabriellae,1,80,1.9690025956632742,NA,NA,11.75,0.9790454724845838,arboreal,0.1,0.09790454724845839,NA,-0.45623493454467406
Nomascus hainanus,1,80,1.9690025956632742,NA,NA,20.630000000000003,0.9358751835780664,arboreal,0.1,0.09358751835780665,NA,-0.4693503922916803
Nomascus leucogenys,1,80,1.9690025956632742,44.1,3.7864597824528,20.91,0.9341421975660468,arboreal,0.1,0.09341421975660469,4.1195670912662665,-0.46987688644755715
Nomascus siki,1,80,1.9690025956632742,NA,NA,17.56,0.9534015294951232,arboreal,0.1,0.09534015294951233,NA,-0.46402575687327174
Symphalangus syndactylus,1,80,1.9690025956632742,38,3.6375861597263857,0.14,0.9999970147507714,arboreal,0.1,0.09999970147507714,3.7999886560529315,-0.4498696987705554
Avahi occidentalis,0,0,-2.0621310968095106,NA,NA,17.38,0.9543446553069651,arboreal,0.1,0.09543446553069651,NA,-0.4637392281738204
Indri indri,0,30,-0.5504559621322163,NA,NA,17.23,0.9551233988089903,arboreal,0.1,0.09551233988089904,NA,-0.4635026400537204
Propithecus coquereli,0,30,-0.5504559621322163,NA,NA,15.49,0.9636770804269577,arboreal,0.1,0.09636770804269577,NA,-0.4609039673859342
Propithecus deckenii,0,30,-0.5504559621322163,NA,NA,17.67,0.9528205419959803,arboreal,0.1,0.09528205419959804,NA,-0.4642022652356097
Propithecus diadema,0,30,-0.5504559621322163,21,3.044522437723423,17,0.9563047559630354,arboreal,0.1,0.09563047559630355,2.0082399875223746,-0.4631437348846687
Propithecus edwardsi,0,40,-0.04656425057311814,NA,NA,21.39,0.9311194846939218,arboreal,0.1,0.09311194846939219,NA,-0.4707952093024617
Propithecus perrieri,0,30,-0.5504559621322163,NA,NA,12.84,0.9749944466507005,arboreal,0.1,0.09749944466507005,NA,-0.4574656665944729
Propithecus tattersalli,0,30,-0.5504559621322163,20,2.995732273553991,13.08,0.9740550241708108,arboreal,0.1,0.09740550241708108,1.9481100483416216,-0.45775107019388506
Propithecus verreauxi,0,30,-0.5504559621322163,20.6,3.0252910757955354,22.630000000000003,0.9230088740101037,arboreal,0.1,0.09230088740101038,1.9013982804608138,-0.4732592736953682
Eulemur albifrons,0,40,-0.04656425057311814,NA,NA,15.5,0.963630453208623,arboreal,0.1,0.0963630453208623,NA,-0.4609181330847845
Eulemur albocollaris,0,80,1.9690025956632742,NA,NA,22.9,0.9211854055657213,arboreal,0.1,0.09211854055657213,NA,-0.47381325709323435
Eulemur cinereiceps,0,80,1.9690025956632742,NA,NA,13.370000000000001,0.972897087776357,arboreal,0.1,0.09728970877763571,NA,-0.45810285996040856
Eulemur collaris,0,100,2.9767860187814703,NA,NA,24.08,0.9129766558365072,arboreal,0.1,0.09129766558365073,NA,-0.4763071368646298
Eulemur coronatus,0,30,-0.5504559621322163,18.4,2.91235066461494,13.06,0.9741339623769198,arboreal,0.1,0.09741339623769199,1.7924064907735324,-0.4577270881744667
Eulemur fulvus,0,30,-0.5504559621322163,37,3.6109179126442243,16.64,0.9581228928381096,arboreal,0.1,0.09581228928381097,3.545054703501006,-0.46259137125756983
Eulemur macaco,0,30,-0.5504559621322163,30,3.4011973816621555,13.94,0.9705485342222299,arboreal,0.1,0.09705485342222299,2.9116456026666895,-0.45881636815518667
Eulemur mongoz,0,20,-1.0543476736913144,30,3.4011973816621555,16.110000000000003,0.960730738986695,arboreal,0.1,0.09607307389866951,2.8821922169600853,-0.4617990880266994
Eulemur rubriventer,0,30,-0.5504559621322163,31.7,3.456316680883235,18.45,0.9486001946255046,arboreal,0.1,0.09486001946255046,3.0070626169628496,-0.4654844384389215
Eulemur rufus,0,30,-0.5504559621322163,NA,NA,19.51,0.9425832164476295,arboreal,0.1,0.09425832164476296,NA,-0.46731244156457735
Eulemur sanfordi,0,80,1.9690025956632742,NA,NA,12.78,0.9752266299092234,arboreal,0.1,0.09752266299092234,NA,-0.45739512757808337
Hapalemur alaotrensis,0,0,-2.0621310968095106,NA,NA,17.5,0.9537169507482269,arboreal,0.1,0.0953716950748227,NA,-0.4639299295294579
Hapalemur aureus,0,0,-2.0621310968095106,NA,NA,21.66,0.9293904770216437,arboreal,0.1,0.09293904770216438,NA,-0.4713204948088691
Hapalemur griseus,0,0,-2.0621310968095106,17.1,2.8390784635086144,19.45,0.9429324335619231,arboreal,0.1,0.09429324335619232,1.6124144613908888,-0.46720634678450834
Hapalemur occidentalis,0,0,-2.0621310968095106,NA,NA,16.32,0.9597072623390667,arboreal,0.1,0.09597072623390668,NA,-0.46211002791306627
Lemur catta,0,80,1.9690025956632742,30,3.4011973816621555,23.05,0.9201635257593654,scansorial,1,0.9201635257593654,27.604905772780963,2.041849549696129
Prolemur simus,0,10,-1.5582393852504124,12,2.4849066497880004,21.759999999999998,0.9287448642521512,arboreal,0.1,0.09287448642521512,1.1144938371025814,-0.47151663681332834
Varecia rubra,0,90,2.4728943072223726,37.5,3.624340932976365,15.44,0.9639097761610175,arboreal,0.1,0.09639097761610176,3.614661660603816,-0.46083327267563057
Varecia variegata,0,100,2.9767860187814703,32,3.4657359027997265,19.18,0.9444911088161634,arboreal,0.1,0.09444911088161634,3.022371548211723,-0.4667328095449833
Cacajao calvus,0,70,1.4651108841041762,27,3.295836866004329,5.73,0.99500342986418,arboreal,0.1,0.09950034298641801,2.686509260633286,-0.4513867873341274
Cacajao melanocephalus,0,70,1.4651108841041762,18,2.8903717578961645,0.53,0.9999572167884616,arboreal,0.1,0.09999572167884617,1.799922990219231,-0.44988178969017417
Callicebus baptista,0,70,1.4651108841041762,NA,NA,3.16,0.9984794916270877,arboreal,0.1,0.09984794916270878,NA,-0.4503307336839857
Callicebus barbarabrownae,0,50,0.45732746098598,NA,NA,10.8,0.9822872507286887,arboreal,0.1,0.09822872507286888,NA,-0.4552500579857565
Callicebus brunneus,0,50,0.45732746098598,NA,NA,10.07,0.9845948668197383,arboreal,0.1,0.09845948668197384,NA,-0.4545489868994821
Callicebus cinerascens,0,50,0.45732746098598,NA,NA,8.39,0.9892978141936767,arboreal,0.1,0.09892978141936767,NA,-0.4531201961933822
Callicebus coimbrai,0,50,0.45732746098598,NA,NA,10.81,0.982254531558802,arboreal,0.1,0.09822545315588022,NA,-0.4552599983151135
Callicebus cupreus,0,50,0.45732746098598,NA,NA,6.58,0.9934128257140318,arboreal,0.1,0.09934128257140318,NA,-0.451870024811844
Callicebus donacophilus,0,50,0.45732746098598,NA,NA,15.870000000000001,0.9618846224207109,arboreal,0.1,0.0961884622420711,NA,-0.4614485295799728
Callicebus hoffmannsi,0,50,0.45732746098598,NA,NA,3.9699999999999998,0.9976004379184767,arboreal,0.1,0.09976004379184768,NA,-0.4505977967976379
Callicebus medemi,0,50,0.45732746098598,NA,NA,0.35,0.9999813422410571,arboreal,0.1,0.09999813422410571,NA,-0.4498744601966231
Callicebus melanochir,0,50,0.45732746098598,NA,NA,15.5,0.963630453208623,arboreal,0.1,0.0963630453208623,NA,-0.4609181330847845
Callicebus modestus,0,50,0.45732746098598,NA,NA,14.96,0.9661062806642902,arboreal,0.1,0.09661062806642902,NA,-0.46016595812357464
Callicebus moloch,0,50,0.45732746098598,25.3,3.2308043957334744,7.7,0.9909831997148363,arboreal,0.1,0.09909831997148363,2.507187495278536,-0.45260816342385285
Callicebus nigrifrons,0,50,0.45732746098598,NA,NA,20.4,0.9372819894918916,arboreal,0.1,0.09372819894918916,NA,-0.46892299409749716
Callicebus oenanthe,0,50,0.45732746098598,NA,NA,5.57,0.9952783578427117,arboreal,0.1,0.09952783578427117,NA,-0.4513032621510158
Callicebus olallae,0,50,0.45732746098598,NA,NA,14.96,0.9661062806642902,arboreal,0.1,0.09661062806642902,NA,-0.46016595812357464
Callicebus ornatus,0,70,1.4651108841041762,NA,NA,3.2800000000000002,0.9983618494271823,arboreal,0.1,0.09983618494271823,NA,-0.45036647426717863
Callicebus pallescens,0,50,0.45732746098598,NA,NA,18.84,0.9464240455433774,arboreal,0.1,0.09464240455433776,NA,-0.4661455688612735
Callicebus personatus,0,50,0.45732746098598,NA,NA,19.25,0.9440890203927842,arboreal,0.1,0.09440890203927843,NA,-0.46685496702553225
Chiropotes albinasus,0,40,-0.04656425057311814,17,2.833213344056216,8.41,0.9892468215973416,arboreal,0.1,0.09892468215973416,1.6817195967154808,-0.45313568812682953
Pithecia aequatorialis,0,30,-0.5504559621322163,14.9,2.7013612129514133,2.46,0.9990784301944899,arboreal,0.1,0.099907843019449,1.4886268609897901,-0.45014877165239436
Pithecia albicans,0,30,-0.5504559621322163,NA,NA,4.18,0.997339981417629,arboreal,0.1,0.09973399814176291,NA,-0.450676925437226
Pithecia irrorata,0,30,-0.5504559621322163,NA,NA,8.15,0.9899003212382514,arboreal,0.1,0.09899003212382515,NA,-0.45293715003164564
Pithecia monachus,0,30,-0.5504559621322163,24.6,3.202746442938317,6.29,0.9939800925665009,arboreal,0.1,0.0993980092566501,2.4451910277135926,-0.45169768488493395
Pithecia pithecia,0,30,-0.5504559621322163,20.7,3.0301337002713233,2.92,0.9987016360714307,arboreal,0.1,0.09987016360714307,2.0673123866678615,-0.45026324453468164
